Workbook

Sheet Entrada
A1: Data | B1: SKU | C1: Produto | D1: Quantidade
A2: 45722 | B2: 2085A | C2: Notebook Ultrafino | D2: 30
A3: 45728 | B3: 1679C | C3: Notebook Ultrafino | D3: 57
A4: 45678 | B4: 7824D | C4: Headset Gamer | D4: 20
A5: 45667 | B5: 2580D | C5: Headset Gamer | D5: 19
A6: 45708 | B6: 9491C | C6: Headset Gamer | D6: 127
A7: 45692 | B7: 3443C | C7: Notebook Ultrafino | D7: 114
A8: 45718 | B8: 8046A | C8: Hub USB 3.0 | D8: 46
A9: 45732 | B9: 5470C | C9: Headset Gamer | D9: 60
A10: 45683 | B10: 6656A | C10: Carregador USB-C | D10: 2
A11: 45673 | B11: 7435B | C11: Carregador USB-C | D11: 75
A12: 45677 | B12: 4177B | C12: Hub USB 3.0 | D12: 3
A13: 45661 | B13: 2443D | C13: Power Bank 10000mAh | D13: 113
... A501: 45726 | B501: 8046A | C501: Hub USB 3.0 | D501: 2

Sheet Saida
A1: Data | B1: SKU | C1: Produto | D1: Quantidade
A2: 45677 | B2: 1466B | C2: Controle Xbox | D2: 18
A3: 45705 | B3: 4528D | C3: Cooler para CPU | D3: 40
A4: 45710 | B4: 6321A | C4: Fonte 500W | D4: 61
A5: 45664 | B5: 9161D | C5: Pendrive 64GB | D5: 62
A6: 45663 | B6: 7568D | C6: Controle Xbox | D6: 70
A7: 45685 | B7: 7928A | C7: Headset Gamer | D7: 69
A8: 45680 | B8: 1751D | C8: Teclado Mecânico | D8: 54
A9: 45675 | B9: 1256C | C9: Fonte 500W | D9: 47
A10: 45726 | B10: 3657A | C10: Cadeira Gamer | D10: 28
A11: 45734 | B11: 6656A | C11: Carregador USB-C | D11: 68
A12: 45728 | B12: 1675A | C12: HD Externo 1TB | D12: 1
A13: 45706 | B13: 5337A | C13: HD Externo 1TB | D13: 47
... A501: 45660 | B501: 3059A | C501: Suporte Monitor | D501: 34

Sheet Cadastro
A1: SKU | B1: Produto | C1: Descrição | D1: Categoria | E1: Preço
A2: 3975C | B2: Webcam Full HD | C2: Notebook com tela fina e processador rápido | D2: Componentes | E2: 976.36
A3: 5827A | B3: Controle Xbox | C3: Hub com múltiplas portas USB 3.0 | D3: Redes | E3: 652.17
A4: 3633A | B4: Cooler para CPU | C4: Placa de vídeo para jogos e edição gráfica | D4: Periféricos | E4: 523.33
A5: 9491C | B5: Headset Gamer | C5: Fonte de alimentação estável para PCs | D5: Redes | E5: 101.03
A6: 5712D | B6: Webcam Full HD | C6: Cabo HDMI com suporte a 4K | D6: Acessórios | E6: 389.93
A7: 7824D | B7: Headset Gamer | C7: Adaptador para conexão Bluetooth em dispositivos | D7: Componentes | E7: 238.68
A8: 9485C | B8: Notebook Ultrafino | C8: Câmera com microfone embutido para videoconferência | D8: Imagem e Som | E8: 395.54
A9: 2192C | B9: Cadeira Gamer | C9: Pendrive com alta velocidade de transferência | D9: Acessórios | E9: 97.2
A10: 3127C | B10: Power Bank 10000mAh | C10: Adaptador para conexão Bluetooth em dispositivos | D10: Periféricos | E10: 938.68
A11: 9527D | B11: Fonte 500W | C11: Hub com múltiplas portas USB 3.0 | D11: Hardware | E11: 536.84
A12: 8828D | B12: Adaptador Bluetooth | C12: Headset com isolamento de ruído e microfone | D12: Hardware | E12: 482.7
A13: 8679B | B13: Roteador Wi-Fi | C13: Adaptador para conexão Bluetooth em dispositivos | D13: Hardware | E13: 756.15
... A121: 9150D | B121: Adaptador Bluetooth | C121: Adaptador para conexão Bluetooth em dispositivos | D121: Hardware | E121: 479.4

Sheet Resumo Estoque
A1: SKU | B1: Categoria | C1: Preço | D1: Total de Entradas | E1: Total de Saídas | F1: Saldo Atual | G1: Valor em Estoque | H1: Status Produto
A2: 3975C | B2: Componentes | C2: 976.36 | D2: =SUMIF(Entrada!B:B,A2,Entrada!D:D) -> 233 | E2: =SUMIF(Saida!B:B,A2,Saida!D:D) -> 227 | F2: =D2-E2 -> 6 | G2: =F2*(_xlfn.XLOOKUP(A2,Cadastro!A:A,Cadastro!E:E,,0)) -> 5858.16 | H2: {=_xlfn.IFS(F2=0,"Obsoleto",F2<0,"Estoque Negativo",AND(F2>=1,F2<=20),"Crítico",AND(F2>=21,F2<=100),"OK",F2>100,"Excesso")} -> Crítico
A3: 5827A | B3: Redes | C3: 652.17 | D3: =SUMIF(Entrada!B:B,A3,Entrada!D:D) -> 347 | E3: =SUMIF(Saida!B:B,A3,Saida!D:D) -> 89 | F3: =D3-E3 -> 258 | G3: =F3*(_xlfn.XLOOKUP(A3,Cadastro!A:A,Cadastro!E:E,,0)) -> 168259.86 | H3: {=_xlfn.IFS(F3=0,"Obsoleto",F3<0,"Estoque Negativo",AND(F3>=1,F3<=20),"Crítico",AND(F3>=21,F3<=100),"OK",F3>100,"Excesso")} -> Excesso
A4: 3633A | B4: Periféricos | C4: 523.33 | D4: =SUMIF(Entrada!B:B,A4,Entrada!D:D) -> 291 | E4: =SUMIF(Saida!B:B,A4,Saida!D:D) -> 198 | F4: =D4-E4 -> 93 | G4: =F4*(_xlfn.XLOOKUP(A4,Cadastro!A:A,Cadastro!E:E,,0)) -> 48669.69 | H4: {=_xlfn.IFS(F4=0,"Obsoleto",F4<0,"Estoque Negativo",AND(F4>=1,F4<=20),"Crítico",AND(F4>=21,F4<=100),"OK",F4>100,"Excesso")} -> OK
A5: 9491C | B5: Redes | C5: 101.03 | D5: =SUMIF(Entrada!B:B,A5,Entrada!D:D) -> 266 | E5: =SUMIF(Saida!B:B,A5,Saida!D:D) -> 180 | F5: =D5-E5 -> 86 | G5: =F5*(_xlfn.XLOOKUP(A5,Cadastro!A:A,Cadastro!E:E,,0)) -> 8688.58 | H5: {=_xlfn.IFS(F5=0,"Obsoleto",F5<0,"Estoque Negativo",AND(F5>=1,F5<=20),"Crítico",AND(F5>=21,F5<=100),"OK",F5>100,"Excesso")} -> OK
A6: 5712D | B6: Acessórios | C6: 389.93 | D6: =SUMIF(Entrada!B:B,A6,Entrada!D:D) -> 238 | E6: =SUMIF(Saida!B:B,A6,Saida!D:D) -> 29 | F6: =D6-E6 -> 209 | G6: =F6*(_xlfn.XLOOKUP(A6,Cadastro!A:A,Cadastro!E:E,,0)) -> 81495.37 | H6: {=_xlfn.IFS(F6=0,"Obsoleto",F6<0,"Estoque Negativo",AND(F6>=1,F6<=20),"Crítico",AND(F6>=21,F6<=100),"OK",F6>100,"Excesso")} -> Excesso
A7: 7824D | B7: Componentes | C7: 238.68 | D7: =SUMIF(Entrada!B:B,A7,Entrada!D:D) -> 317 | E7: =SUMIF(Saida!B:B,A7,Saida!D:D) -> 55 | F7: =D7-E7 -> 262 | G7: =F7*(_xlfn.XLOOKUP(A7,Cadastro!A:A,Cadastro!E:E,,0)) -> 62534.16 | H7: {=_xlfn.IFS(F7=0,"Obsoleto",F7<0,"Estoque Negativo",AND(F7>=1,F7<=20),"Crítico",AND(F7>=21,F7<=100),"OK",F7>100,"Excesso")} -> Excesso
A8: 9485C | B8: Imagem e Som | C8: 395.54 | D8: =SUMIF(Entrada!B:B,A8,Entrada!D:D) -> 262 | E8: =SUMIF(Saida!B:B,A8,Saida!D:D) -> 161 | F8: =D8-E8 -> 101 | G8: =F8*(_xlfn.XLOOKUP(A8,Cadastro!A:A,Cadastro!E:E,,0)) -> 39949.54 | H8: {=_xlfn.IFS(F8=0,"Obsoleto",F8<0,"Estoque Negativo",AND(F8>=1,F8<=20),"Crítico",AND(F8>=21,F8<=100),"OK",F8>100,"Excesso")} -> Excesso
A9: 2192C | B9: Acessórios | C9: 97.2 | D9: =SUMIF(Entrada!B:B,A9,Entrada!D:D) -> 380 | E9: =SUMIF(Saida!B:B,A9,Saida!D:D) -> 235 | F9: =D9-E9 -> 145 | G9: =F9*(_xlfn.XLOOKUP(A9,Cadastro!A:A,Cadastro!E:E,,0)) -> 14094 | H9: {=_xlfn.IFS(F9=0,"Obsoleto",F9<0,"Estoque Negativo",AND(F9>=1,F9<=20),"Crítico",AND(F9>=21,F9<=100),"OK",F9>100,"Excesso")} -> Excesso
A10: 3127C | B10: Periféricos | C10: 938.68 | D10: =SUMIF(Entrada!B:B,A10,Entrada!D:D) -> 171 | E10: =SUMIF(Saida!B:B,A10,Saida!D:D) -> 88 | F10: =D10-E10 -> 83 | G10: =F10*(_xlfn.XLOOKUP(A10,Cadastro!A:A,Cadastro!E:E,,0)) -> 77910.44 | H10: {=_xlfn.IFS(F10=0,"Obsoleto",F10<0,"Estoque Negativo",AND(F10>=1,F10<=20),"Crítico",AND(F10>=21,F10<=100),"OK",F10>100,"Excesso")} -> OK
A11: 9527D | B11: Hardware | C11: 536.84 | D11: =SUMIF(Entrada!B:B,A11,Entrada!D:D) -> 376 | E11: =SUMIF(Saida!B:B,A11,Saida!D:D) -> 57 | F11: =D11-E11 -> 319 | G11: =F11*(_xlfn.XLOOKUP(A11,Cadastro!A:A,Cadastro!E:E,,0)) -> 171251.96 | H11: {=_xlfn.IFS(F11=0,"Obsoleto",F11<0,"Estoque Negativo",AND(F11>=1,F11<=20),"Crítico",AND(F11>=21,F11<=100),"OK",F11>100,"Excesso")} -> Excesso
A12: 8828D | B12: Hardware | C12: 482.7 | D12: =SUMIF(Entrada!B:B,A12,Entrada!D:D) -> 657 | E12: =SUMIF(Saida!B:B,A12,Saida!D:D) -> 338 | F12: =D12-E12 -> 319 | G12: =F12*(_xlfn.XLOOKUP(A12,Cadastro!A:A,Cadastro!E:E,,0)) -> 153981.3 | H12: {=_xlfn.IFS(F12=0,"Obsoleto",F12<0,"Estoque Negativo",AND(F12>=1,F12<=20),"Crítico",AND(F12>=21,F12<=100),"OK",F12>100,"Excesso")} -> Excesso
A13: 8679B | B13: Hardware | C13: 756.15 | D13: =SUMIF(Entrada!B:B,A13,Entrada!D:D) -> 277 | E13: =SUMIF(Saida!B:B,A13,Saida!D:D) -> 241 | F13: =D13-E13 -> 36 | G13: =F13*(_xlfn.XLOOKUP(A13,Cadastro!A:A,Cadastro!E:E,,0)) -> 27221.4 | H13: {=_xlfn.IFS(F13=0,"Obsoleto",F13<0,"Estoque Negativo",AND(F13>=1,F13<=20),"Crítico",AND(F13>=21,F13<=100),"OK",F13>100,"Excesso")} -> OK
... A121: 9150D | B121: Hardware | C121: 479.4 | D121: =SUMIF(Entrada!B:B,A121,Entrada!D:D) -> 414 | E121: =SUMIF(Saida!B:B,A121,Saida!D:D) -> 66 | F121: =D121-E121 -> 348 | G121: =F121*(_xlfn.XLOOKUP(A121,Cadastro!A:A,Cadastro!E:E,,0)) -> 166831.2 | H121: {=_xlfn.IFS(F121=0,"Obsoleto",F121<0,"Estoque Negativo",AND(F121>=1,F121<=20),"Crítico",AND(F121>=21,F121<=100),"OK",F121>100,"Excesso")} -> Excesso

Sheet Dinâmica
A3: Categoria | B3: Valor do Estoque | C3: Média de Preço | D3: Nº SKU | E3: Soma de Total de Saídas | N3: Rótulos de Linha | O3: Soma de Valor em Estoque | Q3: Rótulos de Linha | R3: Soma de Total de Saídas | T3: Rótulos de Linha | U3: Média de Preço
A4: Acessórios | B4: 1161583.1 | C4: 561.262 | D4: 20 | E4: 3674 | N4: Acessórios | O4: 1161583.1 | Q4: Acessórios | R4: 3674 | T4: Acessórios | U4: 561.262
A5: Armazenamento | B5: 1369241.7 | C5: 457.11842 | D5: 19 | E5: 3098 | N5: Armazenamento | O5: 1369241.7 | Q5: Armazenamento | R5: 3098 | T5: Armazenamento | U5: 457.11842
A6: Componentes | B6: 967524.97 | C6: 476.05 | D6: 14 | E6: 2239 | N6: Componentes | O6: 967524.97 | Q6: Componentes | R6: 2239 | T6: Componentes | U6: 476.05
A7: Hardware | B7: 1779317.9 | C7: 573.39 | D7: 16 | E7: 2182 | N7: Hardware | O7: 1779317.9 | Q7: Hardware | R7: 2182 | T7: Hardware | U7: 573.39
A8: Imagem e Som | B8: 1772670.1 | C8: 519.15118 | D8: 17 | E8: 2691 | N8: Imagem e Som | O8: 1772670.1 | Q8: Imagem e Som | R8: 2691 | T8: Imagem e Som | U8: 519.15118
A9: Periféricos | B9: 978667.67 | C9: 563.89 | D9: 16 | E9: 2847 | N9: Periféricos | O9: 978667.67 | Q9: Periféricos | R9: 2847 | T9: Periféricos | U9: 563.89
A10: Redes | B10: 2073020.8 | C10: 586.825 | D10: 18 | E10: 3147 | N10: Redes | O10: 2073020.8 | Q10: Redes | R10: 3147 | T10: Redes | U10: 586.825
A11: Total Geral | B11: 10102026 | C11: 534.66742 | D11: 120 | E11: 19878 | N11: Total Geral | O11: 10102026 | Q11: Total Geral | R11: 19878 | T11: Total Geral | U11: 534.66742

Sheet Dashboard
A1: DASHBOARD LLC ELETRONICS
